City_ID,City,Country,Lat,Lng,Max Temp,Humidity,Cloudiness,Wind Speed,Current Description
0,Bethel,US,41.3712,-73.414,56.64,85,100,4.99,overcast clouds
1,Colares,PT,38.7992,-9.4469,60.76,88,47,23.0,scattered clouds
2,Ushuaia,AR,-54.8,-68.3,46.06,53,20,3.44,few clouds
3,Tiksi,RU,71.6872,128.8694,18.77,88,67,7.94,broken clouds
4,Yellowknife,CA,62.456,-114.3525,54.12,76,75,11.5,broken clouds
5,Yulara,AU,-25.2406,130.9889,77.43,19,100,13.44,overcast clouds
6,Kupang,ID,-10.1667,123.5833,86.47,59,21,5.57,few clouds
7,Hermanus,ZA,-34.4187,19.2345,58.5,69,100,2.86,overcast clouds
8,Carnarvon,AU,-24.8667,113.6333,72.18,59,0,20.92,clear sky
9,Ahipara,NZ,-35.1667,173.1667,64.94,90,68,11.56,broken clouds
10,Hagenow,DE,53.4333,11.1833,48.16,68,100,12.19,overcast clouds
11,Las Navas,PH,12.3392,125.0313,89.06,61,54,5.93,broken clouds
12,Ribeira Grande,PT,38.5167,-28.7,70.32,70,9,12.3,clear sky
13,Kensington,AU,-33.9167,151.2167,65.91,59,75,13.8,broken clouds
14,Pedernales,DO,18.0384,-71.744,79.21,79,98,4.25,overcast clouds
15,Westport,US,41.1415,-73.3579,59.79,83,100,5.99,overcast clouds
16,Kapaa,US,22.0752,-159.319,82.38,75,23,4.0,few clouds
17,Provideniya,RU,64.3833,-173.3,38.52,78,99,23.22,overcast clouds
18,Butaritari,KI,3.0707,172.7902,82.0,77,91,14.07,overcast clouds
19,Busselton,AU,-33.65,115.3333,67.1,56,93,14.43,overcast clouds
20,Lublin,PL,51.0,23.0,49.59,97,100,6.08,overcast clouds
21,Port Alfred,ZA,-33.5906,26.891,60.19,89,98,4.0,overcast clouds
22,Ambon,ID,-3.6954,128.1814,87.94,66,40,4.61,scattered clouds
23,Punta Arenas,CL,-53.15,-70.9167,46.51,61,40,29.93,scattered clouds
24,Torbay,CA,47.6666,-52.7314,52.27,91,40,11.5,scattered clouds
25,Bluff,NZ,-46.6,168.3333,52.81,59,1,8.46,clear sky
26,Albany,US,42.6001,-73.9662,48.52,88,100,1.7,overcast clouds
27,Isangel,VU,-19.55,169.2667,86.11,74,75,11.5,broken clouds
28,Fairbanks,US,64.8378,-147.7164,55.4,64,100,0.0,overcast clouds
29,Kungurtug,RU,50.5994,97.5228,24.04,59,94,3.33,overcast clouds
30,Rikitea,PF,-23.1203,-134.9692,73.69,73,0,7.7,clear sky
31,Black River,JM,18.0264,-77.8487,78.46,84,100,2.71,overcast clouds
32,Shalakusha,RU,62.2247,40.2539,43.12,97,90,5.95,overcast clouds
33,Cape Town,ZA,-33.9258,18.4232,59.38,76,0,5.75,clear sky
34,Vardo,NO,70.3705,31.1107,42.78,75,100,10.36,overcast clouds
35,Wanning,CN,18.8003,110.3967,80.47,87,100,7.05,overcast clouds
36,San Patricio,US,28.017,-97.5169,78.84,51,0,9.42,clear sky
37,Gamba,GA,-2.65,10.0,74.03,95,100,4.88,heavy intensity rain
38,Young,UY,-32.6833,-57.6333,50.47,94,0,6.33,clear sky
39,Kavaratti,IN,10.5669,72.642,81.27,75,100,10.27,overcast clouds
40,Arraial Do Cabo,BR,-22.9661,-42.0278,66.16,77,0,5.75,light rain
41,Bredasdorp,ZA,-34.5322,20.0403,52.43,86,87,4.21,overcast clouds
42,Letterkenny,IE,54.95,-7.7333,50.67,86,36,15.26,scattered clouds
43,Svetlogorsk,BY,52.6333,29.7333,54.32,96,97,6.64,overcast clouds
44,Caravelas,BR,-17.7125,-39.2481,70.7,88,100,11.65,overcast clouds
45,San Cristobal,VE,7.7669,-72.225,68.18,99,98,3.78,overcast clouds
46,Hobart,AU,-42.8794,147.3294,63.05,54,40,6.91,scattered clouds
47,Itarema,BR,-2.9248,-39.9167,77.86,85,74,16.78,broken clouds
48,Mataura,NZ,-46.1927,168.8643,52.48,36,1,4.92,clear sky
49,Nevers,FR,46.9167,3.3333,47.53,95,100,9.28,light rain
50,New Norfolk,AU,-42.7826,147.0587,62.71,37,2,3.67,clear sky
51,Upata,VE,8.0086,-62.3989,71.02,93,42,2.64,scattered clouds
52,Agadez,NE,19.75,10.25,86.02,31,15,5.91,few clouds
53,Port Macquarie,AU,-31.4333,152.9167,63.9,64,68,12.66,broken clouds
54,Puerto Carreno,CO,6.189,-67.4859,75.18,94,40,2.3,scattered clouds
55,Khatanga,RU,71.9667,102.5,30.04,97,100,13.02,light snow
56,Takoradi,GH,4.8845,-1.7554,74.82,91,89,10.29,overcast clouds
57,Avarua,CK,-21.2078,-159.775,75.25,60,15,12.66,few clouds
58,Ketchikan,US,55.3422,-131.6461,56.44,96,100,5.77,light rain
59,Vestmannaeyjar,IS,63.4427,-20.2734,47.59,88,100,15.7,overcast clouds
60,Ilulissat,GL,69.2167,-51.1,21.74,80,97,5.32,overcast clouds
61,Jamestown,US,42.097,-79.2353,51.03,87,100,4.0,overcast clouds
62,Lagoa,PT,39.05,-27.9833,68.54,64,5,2.28,clear sky
63,Nabire,ID,-3.3667,135.4833,86.45,64,51,5.37,broken clouds
64,Thompson,CA,55.7435,-97.8558,32.16,80,20,4.61,few clouds
65,Longyearbyen,SJ,78.2186,15.6401,35.44,100,100,5.75,mist
66,Swift Current,CA,50.2834,-107.8014,63.41,55,100,13.8,overcast clouds
67,Barrow,US,71.2906,-156.7887,29.1,83,100,10.92,overcast clouds
68,Nanortalik,GL,60.1432,-45.2371,40.53,92,100,9.26,light rain
69,Karpathos,GR,35.507,27.2132,73.36,100,0,8.05,clear sky
70,Semirom,IR,31.4167,51.5667,54.07,22,0,2.62,clear sky
71,Castro,BR,-24.7911,-50.0119,53.35,98,99,3.42,overcast clouds
72,Boueni,YT,-12.9025,45.0761,73.38,72,0,5.28,clear sky
73,Katangli,RU,51.7102,143.2326,45.73,56,100,9.84,overcast clouds
74,Mineros,BO,-17.1167,-63.2333,68.32,61,9,5.26,clear sky
75,Puerto Madryn,AR,-42.7692,-65.0385,53.76,68,61,5.97,broken clouds
76,Okhotsk,RU,59.3833,143.3,40.14,75,100,14.63,overcast clouds
77,Kamaishi,JP,39.2667,141.8833,75.33,57,100,8.81,overcast clouds
78,Turhal,TR,40.3875,36.0811,61.02,70,0,1.14,clear sky
79,Port Elizabeth,ZA,-33.918,25.5701,60.31,95,20,17.27,few clouds
80,Upernavik,GL,72.7868,-56.1549,19.06,84,72,4.59,broken clouds
81,Lillesand,NO,58.2488,8.3778,54.9,94,75,14.97,light rain
82,Komsomolskiy,UZ,40.4272,71.7189,65.12,42,100,4.61,overcast clouds
83,Lorengau,PG,-2.0226,147.2712,85.96,60,39,8.32,scattered clouds
84,Kumbo,CM,6.2,10.6667,57.49,92,84,1.1,broken clouds
85,Tasiilaq,GL,65.6145,-37.6368,36.73,79,100,4.59,overcast clouds
86,Flinders,AU,-34.5833,150.8552,62.19,79,90,1.99,light rain
87,Codrington,AU,-38.2667,141.9667,61.92,66,0,6.15,clear sky
88,Raglan,NZ,-37.8,174.8833,62.1,96,100,14.0,light rain
89,Pacific Grove,US,36.6177,-121.9166,61.02,91,32,5.01,scattered clouds
90,Thap Than,TH,15.4606,99.8917,79.27,86,100,8.03,overcast clouds
91,Mahebourg,MU,-20.4081,57.7,70.09,73,75,11.5,broken clouds
92,Vaini,TO,-21.2,-175.2,78.96,73,20,9.22,few clouds
93,Qaanaaq,GL,77.484,-69.3632,13.91,68,30,7.11,scattered clouds
94,Touros,BR,-5.1989,-35.4608,75.96,83,100,14.43,overcast clouds
95,Tuktoyaktuk,CA,69.4541,-133.0374,33.8,86,75,14.97,broken clouds
96,Fortuna,US,40.5982,-124.1573,60.91,83,1,3.15,clear sky
97,Hithadhoo,MV,-0.6,73.0833,81.28,74,94,11.61,overcast clouds
98,Ilheus,BR,-14.7889,-39.0494,70.45,93,96,8.39,overcast clouds
99,Progreso,MX,21.2833,-89.6667,76.53,61,94,8.57,overcast clouds
100,Nikolskoye,RU,59.7035,30.7861,44.49,97,58,4.72,broken clouds
101,Cotonou,BJ,6.3654,2.4183,78.78,83,40,12.66,scattered clouds
102,Santa Cruz,BO,-17.8,-63.1667,69.26,60,1,8.05,clear sky
103,Tiruvannamalai,IN,12.2167,79.0667,78.87,68,100,11.1,overcast clouds
104,Bambous Virieux,MU,-20.3428,57.7575,70.05,73,75,11.5,broken clouds
105,Dikson,RU,73.5069,80.5464,34.66,85,100,16.69,overcast clouds
106,Chokurdakh,RU,70.6333,147.9167,27.18,69,100,4.79,overcast clouds
107,Cherskiy,RU,68.75,161.3,34.03,60,100,3.24,overcast clouds
108,Amazar,RU,53.858,120.875,44.49,55,100,6.64,overcast clouds
109,Muncar,ID,-8.4333,114.3333,82.09,79,100,5.23,overcast clouds
110,Luderitz,NA,-26.6481,15.1594,56.16,64,6,14.61,clear sky
111,Port Hedland,AU,-20.3167,118.5667,80.65,57,0,13.8,clear sky
112,Lavrentiya,RU,65.5833,-171.0,38.84,67,96,17.22,overcast clouds
113,Manta,EC,-0.95,-80.7333,71.38,78,40,8.05,scattered clouds
114,Ulaanbaatar,MN,47.9077,106.8832,42.93,65,40,11.18,scattered clouds
115,Pouembout,NC,-21.1333,164.9,77.16,54,50,7.81,scattered clouds
116,Corpus Christi,US,27.8006,-97.3964,78.98,66,0,5.01,clear sky
117,Tateyama,JP,34.9833,139.8667,76.86,66,11,16.2,few clouds
118,Kavieng,PG,-2.5744,150.7967,82.08,75,96,13.0,light rain
119,Katsuura,JP,35.1333,140.3,77.36,62,0,17.22,clear sky
120,Pevek,RU,69.7008,170.3133,33.46,79,100,3.44,overcast clouds
121,Saskylakh,RU,71.9167,114.0833,28.92,97,100,6.4,light snow
122,Whitecourt,CA,54.1502,-115.6855,54.46,77,23,2.51,few clouds
123,Hofn,IS,64.2539,-15.2082,45.79,87,100,7.49,moderate rain
124,Kudahuvadhoo,MV,2.6708,72.8944,81.25,77,100,17.45,overcast clouds
125,Niamtougou,TG,9.7681,1.1053,66.34,97,88,3.02,overcast clouds
126,Barwala,IN,29.3833,75.9167,82.49,62,0,5.03,clear sky
127,Alamosa,US,37.4695,-105.87,56.34,36,86,7.29,overcast clouds
128,Mataram,ID,-8.5833,116.1167,88.61,71,97,4.85,overcast clouds
129,Dunmore East,IE,52.1514,-6.9861,56.08,75,76,16.13,broken clouds
130,Mount Gambier,AU,-37.8333,140.7667,66.33,51,0,3.62,clear sky
131,Esperance,AU,-33.8667,121.9,62.31,60,46,10.8,scattered clouds
132,Yabelo,ET,4.8833,38.0833,59.77,63,91,6.06,overcast clouds
133,Faanui,PF,-16.4833,-151.75,78.26,67,13,5.26,few clouds
134,Mogadishu,SO,2.0371,45.3438,76.89,81,57,12.88,broken clouds
135,Alyangula,AU,-13.8483,136.4192,85.89,48,55,6.17,broken clouds
136,Asosa,ET,10.0667,34.5333,60.13,88,99,3.83,overcast clouds
137,Kharan,PK,28.5833,65.4167,77.07,15,0,1.48,clear sky
138,Matay,EG,28.419,30.7792,81.68,41,0,14.54,clear sky
139,Aktau,KZ,43.65,51.2,55.98,35,6,11.81,clear sky
140,Yinchuan,CN,38.4681,106.2731,74.68,44,35,3.98,scattered clouds
141,Margate,GB,51.3813,1.3862,57.9,95,100,1.99,overcast clouds
142,Irtyshskiy,RU,58.3333,68.1333,28.35,68,16,2.8,few clouds
143,Safford,US,32.834,-109.7076,79.72,38,75,21.85,broken clouds
144,Kananga,CD,-5.8958,22.4178,66.72,90,15,2.39,light rain
145,Egvekinot,RU,66.3167,-179.1667,29.97,69,100,7.02,overcast clouds
146,Nemuro,JP,43.3236,145.575,68.61,82,96,22.03,overcast clouds
147,Koumac,NC,-20.5667,164.2833,76.08,57,5,9.95,clear sky
148,Hamilton,US,39.1834,-84.5333,60.44,58,100,1.01,overcast clouds
149,Marsabit,KE,2.3284,37.9899,59.61,79,24,15.08,few clouds
150,Aklavik,CA,68.2191,-135.0107,32.58,99,100,5.46,overcast clouds
151,Puerto Ayora,EC,-0.7393,-90.3518,64.54,97,79,4.0,broken clouds
152,Atuona,PF,-9.8,-139.0333,77.27,65,3,17.29,clear sky
153,Batamshinskiy,KZ,50.5594,58.2747,40.19,62,100,11.88,overcast clouds
154,Florianopolis,BR,-27.6146,-48.5012,60.03,95,100,4.61,overcast clouds
155,Inta,RU,66.0317,60.1659,33.67,52,100,6.55,overcast clouds
156,Port Blair,IN,11.6667,92.75,84.24,79,75,12.66,mist
157,Viseu,PT,40.661,-7.9097,48.74,61,91,2.71,overcast clouds
158,Launceston,AU,-41.45,147.1667,63.16,48,1,3.44,clear sky
159,Georgetown,MY,5.4112,100.3354,82.89,78,20,3.44,few clouds
160,Kaitangata,NZ,-46.2817,169.8464,48.85,57,0,6.31,clear sky
161,Saldanha,ZA,-33.0117,17.9442,57.02,78,71,13.15,broken clouds
162,Nador,MA,35.174,-2.9287,59.25,77,0,3.44,clear sky
163,El Tocuyo,VE,9.7873,-69.7937,70.79,91,99,4.59,overcast clouds
164,Aksu,CN,41.1231,80.2644,67.21,25,88,7.18,overcast clouds
165,Nome,US,64.5011,-165.4064,46.17,63,5,8.23,clear sky
166,Klaksvik,FO,62.2266,-6.589,50.92,89,100,19.82,overcast clouds
167,Bowen,AU,-20.0167,148.2333,76.12,53,100,13.98,overcast clouds
168,Fort Nelson,CA,58.8053,-122.7002,56.28,60,99,3.29,overcast clouds
169,Kenai,US,60.5544,-151.2583,50.02,89,9,4.29,clear sky
170,East London,ZA,-33.0153,27.9116,66.18,77,69,16.44,broken clouds
171,Saint-Pierre,RE,-21.3393,55.4781,73.56,70,20,3.44,few clouds
172,Clyde River,CA,70.4692,-68.5914,28.63,86,100,29.93,light snow
173,Gorno-Altaysk,RU,51.9561,85.955,31.89,89,100,4.7,light snow
174,Kahului,US,20.8947,-156.47,83.97,73,6,14.0,clear sky
175,Buala,SB,-8.145,159.5921,86.29,64,69,3.98,broken clouds
176,Guantanamo,CU,20.1444,-75.2092,74.57,93,11,1.97,few clouds
177,Sibolga,ID,1.7427,98.7792,76.1,93,100,3.83,light rain
178,Victoria,HK,22.2855,114.1577,90.18,83,39,7.0,scattered clouds
179,Alice Springs,AU,-23.7,133.8833,78.35,18,100,12.66,overcast clouds
180,Mehamn,NO,71.0357,27.8492,42.71,87,100,3.44,overcast clouds
181,Cap Malheureux,MU,-19.9842,57.6142,68.47,71,0,1.99,clear sky
182,San Quintin,MX,30.4833,-115.95,68.47,83,1,13.42,clear sky
183,Beloha,MG,-25.1667,45.05,63.16,89,0,4.03,clear sky
184,Chicama,PE,-7.8447,-79.1469,64.54,78,99,7.61,overcast clouds
185,Canchungo,GW,12.0672,-16.0333,76.35,92,90,4.38,overcast clouds
186,Brae,GB,60.3964,-1.353,51.13,83,30,19.46,light rain
187,Puerto Montt,CL,-41.4698,-72.9447,46.81,95,22,4.74,few clouds
188,Chor,PK,25.5167,69.7667,80.4,62,0,16.22,clear sky
189,Kudat,MY,6.8837,116.8477,86.85,64,64,11.59,broken clouds
190,Aranos,NA,-24.1333,19.1167,63.81,25,0,11.21,clear sky
191,Dong Hoi,VN,17.4833,106.6,78.31,90,100,2.28,overcast clouds
192,Nioaque,BR,-21.1353,-55.83,67.19,96,47,3.44,scattered clouds
193,Ouadda,CF,8.0777,22.4007,66.49,96,88,2.06,overcast clouds
194,Saint Anthony,US,45.0205,-93.218,64.13,58,75,4.61,broken clouds
195,Kasongo-Lunda,CD,-6.4667,16.8167,69.06,95,86,1.74,overcast clouds
196,Mocuba,MZ,-16.8392,36.9856,66.2,89,6,2.73,clear sky
197,Gat,IL,31.61,34.7642,74.08,84,0,2.53,clear sky
198,Cabo San Lucas,MX,22.8909,-109.9124,85.51,72,44,1.99,scattered clouds
199,Severo-Kurilsk,RU,50.6789,156.125,49.05,72,88,8.81,overcast clouds
200,Chuy,UY,-33.6971,-53.4616,54.68,95,100,3.87,light rain
201,Phalaborwa,ZA,-23.943,31.1411,66.78,73,0,1.41,clear sky
202,La Rioja,ES,42.25,-2.5,37.18,74,100,6.35,overcast clouds
203,Arman,RU,59.7,150.1667,44.02,43,84,4.65,broken clouds
204,Tirumullaivasal,IN,11.2333,79.8333,83.16,63,100,8.95,light rain
205,Koungheul,SN,13.9833,-14.8,76.19,96,66,7.09,broken clouds
206,Pangnirtung,CA,66.1451,-65.7125,33.98,66,100,2.57,overcast clouds
207,Fernandez,AR,-27.9204,-63.8935,67.37,37,0,7.4,clear sky
208,Chulman,RU,56.8479,124.9104,35.28,66,90,7.36,overcast clouds
209,Baghdad,IQ,33.3406,44.4009,81.0,26,0,7.05,clear sky
210,Maun,BW,-19.9833,23.4167,67.44,30,0,7.11,clear sky
211,Bugaan,PH,14.0399,120.9361,89.4,58,6,8.08,clear sky
212,Pangoa,PE,-12.1167,-73.0,65.37,93,70,2.86,broken clouds
213,Port Hardy,CA,50.6996,-127.4199,55.29,87,60,4.56,broken clouds
214,Kidal,ML,18.4411,1.4078,85.86,37,94,0.89,overcast clouds
215,Skjervoy,NO,70.0311,20.9714,33.8,59,7,9.57,clear sky
216,Espumoso,BR,-28.7247,-52.8497,56.28,97,41,2.24,scattered clouds
217,Uvat,RU,59.1433,68.8953,27.84,68,27,2.84,scattered clouds
218,Husavik,IS,66.0449,-17.3389,44.28,98,100,25.59,overcast clouds
219,Kodiak,US,57.79,-152.4072,45.63,73,9,2.68,clear sky
220,Houma,US,29.5958,-90.7195,62.01,81,0,0.0,clear sky
221,Dwarka,IN,22.2394,68.9678,81.55,71,22,9.57,few clouds
222,Asau,RO,46.4333,26.4,52.72,79,38,4.97,scattered clouds
223,Kabinda,CD,-6.1333,24.4833,66.85,90,86,2.84,overcast clouds
224,Huainan,CN,32.6264,116.9969,91.67,46,80,13.96,broken clouds
225,Port-Gentil,GA,-0.7193,8.7815,76.57,87,100,9.53,moderate rain
226,Vila Velha,BR,-20.3297,-40.2925,66.94,87,94,4.25,overcast clouds
227,Dingle,PH,10.9995,122.6711,86.9,68,85,9.33,overcast clouds
228,Pontal Do Parana,BR,-25.6533,-48.5128,62.56,96,100,1.52,overcast clouds
229,Jiayuguan,CN,39.8167,98.3,57.0,33,1,7.81,clear sky
230,Airai,TL,-8.9266,125.4092,73.24,67,100,0.89,overcast clouds
231,Ben Tre,VN,10.2333,106.3833,81.97,82,100,5.21,overcast clouds
232,Lata,PT,40.1629,-8.3327,60.82,82,100,2.17,overcast clouds
233,Stornoway,GB,58.2093,-6.3865,49.93,92,75,11.5,broken clouds
234,Bakchar,RU,57.0186,82.0711,29.93,80,31,5.23,scattered clouds
235,San Fernando,PH,15.0286,120.6898,87.76,63,2,7.38,clear sky
236,The Valley,AI,18.217,-63.0578,79.11,70,75,9.57,broken clouds
237,Hilo,US,19.7297,-155.09,88.29,68,20,5.75,few clouds
238,Kloulklubed,PW,7.0419,134.2556,88.3,72,63,9.01,broken clouds
239,Katherine,AU,-14.4667,132.2667,98.38,20,95,9.08,light rain
240,Auki,SB,-8.7676,160.7034,87.35,59,57,1.1,broken clouds
241,Kaura Namoda,NG,12.5898,6.5779,74.32,87,100,1.32,overcast clouds
242,Arrecife,ES,28.963,-13.5477,69.78,68,20,16.11,few clouds
243,Malartic,CA,48.1335,-78.1328,45.79,88,13,3.65,few clouds
244,Te Anau,NZ,-45.4167,167.7167,55.29,46,2,2.46,clear sky
245,Correntina,BR,-13.3433,-44.6367,78.08,53,76,11.1,broken clouds
246,Ossora,RU,59.2353,163.0719,45.07,69,100,1.16,overcast clouds
247,Kisangani,CD,0.5167,25.2,68.36,93,96,1.1,overcast clouds
248,Acajutla,SV,13.5928,-89.8275,77.7,86,82,2.01,broken clouds
249,Watertown,US,42.3709,-71.1828,52.7,85,0,0.0,clear sky
250,Batemans Bay,AU,-35.7167,150.1833,61.11,63,52,8.03,light rain
251,Norman Wells,CA,65.282,-126.8329,47.26,90,65,2.3,broken clouds
252,Mawlaik,MM,23.6333,94.4167,87.62,61,100,0.6,overcast clouds
253,Naze,JP,28.3667,129.4833,78.28,63,2,8.86,clear sky
254,Northam,GB,51.0333,-4.2167,59.25,88,86,21.63,overcast clouds
255,Hasaki,JP,35.7333,140.8333,83.21,65,6,17.27,clear sky
256,Listvyagi,RU,53.6772,86.951,32.32,92,98,3.44,overcast clouds
257,Araouane,ML,18.9048,-3.5265,88.65,20,1,9.28,clear sky
258,Quatre Cocos,MU,-20.2078,57.7625,68.09,74,4,10.98,clear sky
259,Los Llanos De Aridane,ES,28.6585,-17.9182,65.95,85,75,6.91,broken clouds
260,Iqaluit,CA,63.7506,-68.5145,32.7,74,100,8.99,overcast clouds
261,Vinh,VN,18.6667,105.6667,77.04,93,100,0.89,overcast clouds
262,Oranjemund,NA,-28.55,16.4333,53.83,89,66,9.69,broken clouds
263,Mar Del Plata,AR,-38.0023,-57.5575,54.95,80,0,3.0,clear sky
264,Bathsheba,BB,13.2167,-59.5167,81.43,82,100,10.65,overcast clouds
265,Karlskrona,SE,56.1616,15.5866,50.45,75,41,11.97,scattered clouds
266,Mount Isa,AU,-20.7333,139.5,82.17,18,100,9.22,overcast clouds
267,Qasigiannguit,GL,68.8193,-51.1922,30.45,91,99,3.53,overcast clouds
268,Quelimane,MZ,-17.8786,36.8883,69.26,96,3,4.36,clear sky
269,Den Helder,NL,52.9599,4.7593,57.97,94,75,16.11,broken clouds
270,Ostersund,SE,63.1792,14.6357,42.62,100,100,10.36,overcast clouds
271,Varhaug,NO,58.6147,5.6457,53.89,94,100,24.05,light rain
272,Zlitan,LY,32.4674,14.5687,87.04,28,69,6.69,broken clouds
273,Hovd,MN,48.0056,91.6419,26.94,33,4,4.65,clear sky
274,Narsaq,GL,60.9167,-46.05,37.62,98,100,9.73,light rain
275,Saint George,US,37.1041,-113.5841,83.95,28,0,5.75,clear sky
276,Newport,GB,51.5877,-2.9984,60.46,84,59,13.89,broken clouds
277,Pillaro,EC,-1.1667,-78.5333,51.96,92,95,7.0,overcast clouds
278,Bengkulu,ID,-3.8004,102.2655,82.69,75,69,6.35,broken clouds
279,Taltal,CL,-25.4,-70.4833,57.4,81,35,2.8,scattered clouds
280,Santa Rita Do Passa Quatro,BR,-21.7103,-47.4781,62.38,96,91,2.93,overcast clouds
281,Uige,AO,-7.6087,15.0613,67.91,95,98,1.86,overcast clouds
282,Salinopolis,BR,-0.6136,-47.3561,79.09,76,39,11.32,scattered clouds
283,Logrono,ES,42.4667,-2.45,46.44,100,0,2.3,clear sky
284,Yakeshi,CN,49.2833,120.7333,50.95,56,72,10.2,broken clouds
285,Wagrowiec,PL,52.8084,17.1996,46.33,74,76,8.77,broken clouds
286,Alofi,NU,-19.0595,-169.9187,74.93,72,19,21.18,few clouds
287,Ballina,AU,-28.8667,153.5667,61.02,99,100,13.56,light rain
288,Hannibal,US,39.7084,-91.3585,59.61,59,3,4.59,clear sky
289,Kruisfontein,ZA,-34.0033,24.7314,53.89,84,15,11.88,few clouds
290,Avera,US,33.194,-82.5271,64.45,89,98,8.43,overcast clouds
291,Predivinsk,RU,57.0669,93.4378,34.52,87,100,6.64,light snow
292,Talnakh,RU,69.4865,88.3972,29.21,92,100,6.2,light snow
293,Teguldet,RU,57.3064,88.1667,33.62,69,98,5.26,overcast clouds
294,Constitucion,CL,-35.3333,-72.4167,56.05,80,100,6.8,overcast clouds
295,Camacha,PT,33.0833,-16.3333,67.42,68,20,16.11,few clouds
296,Half Moon Bay,US,37.4636,-122.4286,73.89,86,100,13.8,fog
297,Maniitsoq,GL,65.4167,-52.9,35.28,81,100,9.71,overcast clouds
298,Zeerust,ZA,-25.5369,26.0751,58.6,38,0,5.66,clear sky
299,Port Lincoln,AU,-34.7333,135.8667,62.13,67,3,8.25,clear sky
300,Svetlyy,RU,54.675,20.1347,46.45,72,100,8.57,overcast clouds
301,Eureka,US,40.8021,-124.1637,67.75,88,1,1.99,clear sky
302,Pemangkat,ID,1.1667,108.9667,86.04,63,55,4.59,broken clouds
303,Saravan,AM,39.7196,45.6483,51.62,68,0,6.04,clear sky
304,Baruun-Urt,MN,46.6806,113.2792,67.41,25,100,11.5,overcast clouds
305,Sri Aman,MY,1.2376,111.4621,85.62,78,58,1.07,broken clouds
306,Sept-Iles,CA,50.2001,-66.3821,50.05,85,83,7.36,broken clouds
307,Bhuj,IN,23.2667,69.6667,79.68,74,0,12.12,clear sky
308,Zemio,CF,5.0314,25.1361,66.09,94,22,1.05,few clouds
309,Feijo,BR,-8.1642,-70.3536,71.76,79,87,2.93,overcast clouds
310,Pisco,PE,-13.7,-76.2167,61.02,82,0,6.91,clear sky
311,Murgab,TM,37.4966,61.9714,64.87,23,3,6.11,clear sky
312,Poum,NC,-20.2333,164.0167,73.65,66,14,15.03,few clouds
313,Kapoeta,SS,4.7717,33.5903,73.47,67,1,2.73,clear sky
314,Bilibino,RU,68.0546,166.4372,32.41,68,100,1.54,overcast clouds
315,Saint-Philippe,RE,-21.3585,55.7679,65.21,79,53,9.78,broken clouds
316,Oistins,BB,13.0667,-59.5333,81.43,81,100,12.33,overcast clouds
317,Rawson,AR,-43.3002,-65.1023,53.42,66,34,5.21,scattered clouds
318,Oktyabrskiy,RU,54.4815,53.471,42.58,84,100,5.3,overcast clouds
319,Aleksandrovsk-Sakhalinskiy,RU,50.8975,142.1561,48.11,60,89,9.66,overcast clouds
320,Sao Joao Da Barra,BR,-21.6403,-41.0511,67.95,72,97,7.36,overcast clouds
321,Amuntai,ID,-2.4177,115.2494,90.48,51,75,5.35,light rain
322,Bam,IR,29.106,58.357,77.86,10,0,9.51,clear sky
323,Comodoro Rivadavia,AR,-45.8667,-67.5,53.46,35,0,20.71,clear sky
324,Sabha,LY,27.0377,14.4283,81.91,17,0,13.0,clear sky
325,Muzhi,RU,65.3667,64.6667,27.3,72,92,7.96,overcast clouds
326,Buraydah,SA,26.326,43.975,69.53,21,0,4.99,clear sky
327,Chernyshevskiy,RU,63.0128,112.4714,27.97,70,92,3.53,overcast clouds
328,Berlevag,NO,70.8578,29.0864,42.75,70,100,13.8,overcast clouds
329,Yenagoa,NG,4.9247,6.2642,74.52,96,100,2.28,overcast clouds
330,Daniel Flores,CR,9.3355,-83.6694,70.27,95,100,1.28,overcast clouds
331,Iguape,BR,-24.7081,-47.5553,65.19,93,100,7.81,overcast clouds
332,Verkhnyaya Toyma,RU,62.2349,44.9985,47.1,98,100,6.6,overcast clouds
333,Coihaique,CL,-45.5752,-72.0662,44.55,57,20,3.44,few clouds
334,Sola,VU,-13.8833,167.55,81.01,70,6,6.42,clear sky
335,Tabou,CI,4.423,-7.3528,74.91,88,100,7.65,overcast clouds
336,Kargasok,RU,59.0556,80.8572,32.43,71,56,7.31,broken clouds
337,Barreirinhas,BR,-2.7469,-42.8264,77.59,82,64,7.87,broken clouds
338,Kaka,TM,37.3482,59.6143,67.66,24,7,5.1,clear sky
339,Pindi Gheb,PK,33.2402,72.2661,83.3,49,0,8.7,clear sky
340,Chotebor,CZ,49.7207,15.6702,46.85,95,13,5.32,few clouds
341,Xining,CN,36.6167,101.7667,60.28,50,2,2.68,clear sky
342,Shache,CN,38.4167,77.2406,72.46,18,65,14.18,broken clouds
343,Sladkovo,RU,55.5284,70.3385,28.29,78,14,3.36,few clouds
344,Pergine Valsugana,IT,46.065,11.238,54.39,95,74,2.24,broken clouds
345,Iralaya,HN,15.0,-83.2333,79.88,80,100,13.47,overcast clouds
346,Geraldton,AU,-28.7667,114.6,77.41,44,0,9.22,clear sky
347,Necochea,AR,-38.5473,-58.7368,49.12,78,9,11.79,clear sky
348,Sitka,US,57.0531,-135.33,58.89,82,100,9.22,moderate rain
349,Naryan-Mar,RU,67.6713,53.087,34.11,95,100,14.12,light snow
350,Bilma,NE,18.6853,12.9164,87.33,34,3,4.45,clear sky
351,Kaeo,NZ,-35.1,173.7833,67.32,97,99,13.65,overcast clouds
352,Padang,ID,-0.9492,100.3543,84.25,80,98,3.89,overcast clouds
353,Kalagarh,IN,29.5,78.75,77.72,67,0,1.19,clear sky
354,Asmar,AF,35.0333,71.3581,73.4,65,10,1.79,clear sky
355,Hambantota,LK,6.1241,81.1185,80.94,94,40,12.66,scattered clouds
356,Kuybysheve,UA,47.358,36.6491,60.82,92,9,5.26,clear sky
357,Seoul,KR,37.5683,126.9778,72.84,28,27,3.89,scattered clouds
358,Goderich,CA,43.7501,-81.7165,51.91,71,83,11.61,broken clouds
359,Havre-Saint-Pierre,CA,50.2334,-63.5986,49.05,86,96,14.27,overcast clouds
360,Santa Cruz De La Palma,ES,28.6835,-17.7642,69.94,88,75,6.91,broken clouds
361,Verkhoyansk,RU,67.5447,133.385,26.74,82,100,2.55,overcast clouds
362,Cootamundra,AU,-34.65,148.0333,57.94,58,85,11.97,light rain
363,Banda Aceh,ID,5.5577,95.3222,82.4,73,96,8.63,overcast clouds
364,Ponta Do Sol,PT,32.6667,-17.1,71.01,77,84,7.45,broken clouds
365,Ottumwa,US,41.02,-92.4113,57.74,78,0,3.44,clear sky
366,Kerman,IR,30.2832,57.0788,66.88,11,0,0.16,clear sky
367,Sinjar,IQ,36.3209,41.8754,75.79,22,0,1.3,clear sky
368,Mercedes,AR,-34.6515,-59.4307,54.79,83,0,8.08,clear sky
369,Kondinskoye,RU,59.6481,67.41,27.68,71,30,4.61,scattered clouds
370,Fukue,JP,32.6881,128.8419,74.7,65,32,7.18,scattered clouds
371,Lebedinyy,RU,58.5167,125.5167,31.71,65,17,5.64,few clouds
372,Bejar,ES,40.3864,-5.7634,50.58,41,97,2.89,overcast clouds
373,Perbaungan,ID,3.5679,98.956,78.91,88,100,3.94,overcast clouds
374,Torres,BR,-29.3353,-49.7269,62.83,95,100,7.34,overcast clouds
375,Sandwick,GB,60.0,-1.25,51.62,87,20,16.11,light rain
376,Zelenchukskaya,RU,43.858,41.5894,52.02,63,0,6.58,clear sky
377,Acari,PE,-15.4311,-74.6158,65.37,68,100,2.8,overcast clouds
378,Tongchuan,CN,35.0806,109.0897,64.17,92,100,2.8,light rain
379,Werda,BW,-25.2667,23.2833,67.06,24,41,4.41,scattered clouds
380,Zhoucun,CN,36.8167,117.8167,74.89,83,100,2.17,overcast clouds
381,Tura,IN,25.5198,90.2201,84.97,68,24,2.28,few clouds
382,Sao Filipe,CV,14.8961,-24.4956,79.18,86,13,5.28,few clouds
383,Namibe,AO,-15.1961,12.1522,67.01,87,32,6.53,scattered clouds
384,Inirida,CO,3.8653,-67.9239,73.85,97,99,2.84,overcast clouds
385,Nelson Bay,AU,-32.7167,152.15,64.45,75,82,8.01,broken clouds
386,Awjilah,LY,29.1081,21.2869,86.05,27,0,11.86,clear sky
387,Tautira,PF,-17.7333,-149.15,77.54,68,4,6.69,clear sky
388,Lompoc,US,34.6391,-120.4579,63.01,92,100,4.61,mist
389,Vao,NC,-22.6667,167.4833,71.38,71,88,18.66,overcast clouds
390,Esperantinopolis,BR,-4.8667,-44.7083,78.8,71,57,5.3,broken clouds
391,Cidreira,BR,-30.1811,-50.2056,60.4,95,100,13.49,overcast clouds
392,Asfi,MA,32.2994,-9.2372,65.3,73,5,18.81,clear sky
393,Bereda,ES,43.2686,-7.5406,53.58,98,99,2.66,overcast clouds
394,Grao Mogol,BR,-16.5594,-42.8897,67.42,74,96,7.92,overcast clouds
395,Yining,CN,29.0361,114.5636,97.84,33,3,4.32,clear sky
396,Grand Gaube,MU,-20.0064,57.6608,68.38,72,2,1.99,clear sky
397,Eyl,SO,7.9803,49.8164,76.12,82,54,13.2,broken clouds
398,Viedma,AR,-40.8135,-62.9967,60.01,61,100,7.96,overcast clouds
399,Novovorontsovka,UA,47.5004,33.9175,63.82,78,70,8.21,broken clouds
400,Tilichiki,RU,60.4667,166.1,35.96,98,100,4.7,overcast clouds
401,Ola,RU,59.5833,151.2833,46.15,46,56,8.72,broken clouds
402,Obera,AR,-27.4871,-55.1199,59.36,100,89,1.25,overcast clouds
403,Corrales,US,35.2378,-106.6067,71.69,29,2,7.0,clear sky
404,Lebu,CL,-37.6167,-73.65,51.33,94,100,13.51,overcast clouds
405,Porto Novo,BJ,6.4965,2.6036,74.91,92,87,6.69,light rain
406,Birnin Kebbi,NG,12.4539,4.1975,74.61,80,99,5.7,overcast clouds
407,La Ronge,CA,55.1001,-105.2842,48.42,93,100,6.91,overcast clouds
408,Krasnaya Yaruga,RU,50.8008,35.6583,57.61,94,69,6.26,broken clouds
409,Orguz,BA,43.7739,16.8639,63.05,98,100,8.12,overcast clouds
410,Souillac,MU,-20.5167,57.5167,69.78,70,2,11.59,clear sky
411,Sakakah,SA,29.9697,40.2064,74.08,30,0,8.37,clear sky
412,Ixtapa,MX,20.7,-105.2,83.43,74,100,14.97,overcast clouds
413,Kaoma,ZM,-14.7833,24.8,60.94,39,7,5.64,clear sky
414,Bolshevik,BY,54.0065,27.5692,47.82,97,100,9.04,overcast clouds
415,Malakal,SS,9.5334,31.6605,71.15,87,76,1.45,broken clouds
416,Urumqi,CN,43.801,87.6005,31.15,100,100,8.95,light snow
417,Kindu,CD,-2.95,25.95,67.82,95,100,0.67,overcast clouds
418,Saint-Augustin,CA,51.226,-58.6502,50.59,70,100,12.46,overcast clouds
419,Terney,RU,45.0503,136.6092,69.24,62,38,8.32,scattered clouds
420,Liverpool,GB,53.4106,-2.9779,56.28,87,24,12.66,few clouds
421,Dhidhdhoo,MV,6.8833,73.1,80.29,81,100,26.26,overcast clouds
422,Taonan,CN,45.3333,122.7833,55.63,49,61,5.84,broken clouds
423,Ojinaga,MX,29.5667,-104.4167,76.15,31,0,6.91,clear sky
424,Honiara,SB,-9.4333,159.95,84.65,71,25,4.16,scattered clouds
425,Vilhena,BR,-12.7406,-60.1458,68.23,88,34,2.98,scattered clouds
426,Sao Jose Da Coroa Grande,BR,-8.8978,-35.1478,73.92,84,26,8.46,scattered clouds
427,Hornepayne,CA,49.2138,-84.7705,46.04,93,94,7.07,overcast clouds
428,Shihezi,CN,44.3,86.0333,39.58,83,100,8.81,overcast clouds
429,Jumla,NP,29.2747,82.1838,64.17,60,1,0.09,clear sky
430,Chimbote,PE,-9.0853,-78.5783,60.84,86,93,6.62,overcast clouds
431,Ichhawar,IN,23.0167,77.0167,77.04,72,53,7.92,broken clouds
432,Dullewala,PK,31.8359,71.4362,84.29,30,0,9.93,clear sky
433,Peniche,PT,39.3558,-9.3811,56.93,92,61,11.43,broken clouds
434,Ariquemes,BR,-9.9133,-63.0408,73.87,84,68,3.83,broken clouds
435,Don Sak,TH,9.3168,99.6918,83.14,72,99,16.4,overcast clouds
436,Georgiyevka,KZ,43.0369,74.7114,39.24,41,0,6.71,clear sky
437,Marawi,PH,7.9986,124.2928,76.8,81,81,3.87,broken clouds
438,Sinnamary,GF,5.3833,-52.95,78.69,85,27,11.34,scattered clouds
439,Kayerkan,RU,69.3497,87.7602,28.53,92,100,7.18,overcast clouds
440,Namikupa,TZ,-10.8333,39.6,69.89,80,100,2.48,overcast clouds
441,Acapulco,MX,16.8634,-99.8901,80.42,78,100,4.61,overcast clouds
442,San Ramon,US,37.7799,-121.978,78.66,51,0,9.22,clear sky
443,Chapais,CA,49.7834,-74.8492,45.7,91,100,6.89,overcast clouds
444,Cooma,AU,-36.2333,149.1333,52.9,49,97,2.35,light rain
445,Havoysund,NO,70.9963,24.6622,41.23,70,1,9.93,clear sky
446,Maunabo,PR,18.0072,-65.8993,80.42,90,100,7.52,overcast clouds
447,Belmonte,BR,-15.8631,-38.8828,72.43,88,87,12.46,overcast clouds
448,Heishan,CN,41.6892,122.1128,64.89,56,100,7.7,overcast clouds
449,Sayyan,YE,15.1718,44.3244,57.29,23,2,3.74,clear sky
450,Andros Town,BS,24.7,-77.7667,78.76,79,52,8.95,broken clouds
451,Olafsvik,IS,64.8945,-23.7142,46.94,81,100,22.08,overcast clouds
452,Wanaka,NZ,-44.7,169.15,48.43,72,23,2.93,few clouds
453,Zhigansk,RU,66.7697,123.3711,28.44,79,100,2.35,overcast clouds
454,Salalah,OM,17.0151,54.0924,80.69,83,75,4.61,broken clouds
455,Oranjestad,AW,12.524,-70.027,75.15,88,75,18.41,thunderstorm with heavy rain
456,Sioux Lookout,CA,50.1001,-91.917,49.86,84,100,8.16,overcast clouds
457,Abu Samrah,SY,35.3029,37.1841,73.76,48,0,6.69,clear sky
458,Santa Isabel Do Rio Negro,BR,-0.4139,-65.0192,75.56,78,52,2.8,broken clouds
459,Neuquen,AR,-38.9516,-68.0591,60.69,33,0,3.44,clear sky
460,Ancud,CL,-41.8697,-73.8203,45.07,94,17,5.32,few clouds
461,Winslow,US,35.0242,-110.6974,68.18,34,0,9.22,clear sky
462,Oksfjord,NO,70.2396,22.3479,41.18,66,8,7.96,clear sky
463,Bhinmal,IN,25.0,72.25,80.44,61,0,9.06,clear sky
464,Kiama,AU,-34.6833,150.8667,63.37,74,84,1.01,light rain
465,Trelew,AR,-43.249,-65.3051,55.81,58,34,5.79,scattered clouds
466,Sumenep,ID,-7.0167,113.8667,87.53,62,64,10.63,broken clouds
467,Sungurlare,BG,42.7667,26.7833,63.77,60,60,1.1,broken clouds
468,Adrar,MR,20.5022,-10.0711,78.37,26,0,11.41,clear sky
469,El Carmen,CO,8.5106,-73.4478,67.75,98,100,1.86,overcast clouds
470,Mitsamiouli,KM,-11.3847,43.2844,73.71,75,29,3.94,scattered clouds
471,Shenjiamen,CN,29.9576,122.298,78.28,86,100,14.63,overcast clouds
472,Rocha,UY,-34.4833,-54.3333,49.24,95,88,4.34,overcast clouds
473,Serabu,SL,7.7958,-12.0536,71.94,99,100,1.5,overcast clouds
474,Leshukonskoye,RU,64.8989,45.7622,40.64,98,100,7.54,overcast clouds
475,Ngorongoro,TZ,-3.2397,35.4875,48.87,93,93,5.35,overcast clouds
476,Vytegra,RU,61.0064,36.4481,44.74,92,96,7.4,overcast clouds
477,Guerrero Negro,MX,27.9769,-114.0611,70.92,82,0,14.05,clear sky
478,Manono,CD,-7.3,27.4167,69.98,80,93,3.24,overcast clouds
479,Haines Junction,CA,60.7522,-137.5108,42.75,75,100,2.3,overcast clouds
480,Empangeni,ZA,-28.762,31.8933,68.59,81,59,10.47,broken clouds
481,Bandarbeyla,SO,9.4942,50.8122,77.52,82,95,21.92,overcast clouds
482,Salisbury,GB,51.0693,-1.7957,57.51,93,75,13.8,broken clouds
483,Daru,PG,-9.0763,143.2092,81.59,83,99,11.81,overcast clouds
484,Caluquembe,AO,-13.7833,14.6833,60.08,82,15,2.84,few clouds
485,Nieuw Amsterdam,SR,5.8833,-55.0833,81.01,87,4,11.72,clear sky
486,Samdrup Jongkhar,BT,26.9167,91.6167,80.74,59,19,2.35,few clouds
487,Wenling,CN,28.3669,121.36,82.53,73,4,8.97,clear sky
488,Vuktyl,RU,63.8567,57.3094,33.75,78,100,11.54,overcast clouds
489,Mayo,US,38.8876,-76.5119,58.1,93,100,10.0,light rain
490,Hirara,JP,24.8,125.2833,82.24,75,12,10.56,few clouds
491,Petropavlovsk-Kamchatskiy,RU,53.0452,158.6483,55.99,41,20,11.18,few clouds
492,Prince Rupert,CA,54.3161,-130.3201,58.69,85,87,9.22,overcast clouds
493,Cabedelo,BR,-6.9811,-34.8339,74.07,81,26,13.09,scattered clouds
494,Dryden,CA,49.7833,-92.7503,51.55,85,100,8.25,overcast clouds
495,Bintulu,MY,3.1667,113.0333,86.77,65,62,5.39,broken clouds
496,Khandyga,RU,62.6667,135.6,32.14,64,100,4.21,overcast clouds
497,Turukhansk,RU,65.8167,87.9833,32.95,72,99,10.87,overcast clouds
498,Pundaguitan,PH,6.3711,126.1689,82.78,75,43,7.2,scattered clouds
499,Cairns,AU,-16.9167,145.7667,90.07,56,40,11.5,scattered clouds
500,Broome,US,42.2506,-75.833,51.01,83,0,5.75,clear sky
501,Ugoofaaru,MV,5.6667,73.0,80.44,80,100,26.87,moderate rain
502,Praia Da Vitoria,PT,38.7333,-27.0667,71.76,71,8,7.7,clear sky
503,Vila Do Maio,CV,15.1333,-23.2167,79.59,85,27,14.36,scattered clouds
504,Yamada,JP,39.4667,141.95,77.09,55,70,9.01,broken clouds
505,Bodden Town,KY,19.2833,-81.25,82.4,71,20,3.44,few clouds
506,Kieta,PG,-6.2167,155.6333,84.51,68,29,4.56,scattered clouds
507,Usinsk,RU,65.9939,57.5281,34.0,74,100,17.69,overcast clouds
508,Valleyview,CA,55.0667,-117.2859,55.44,71,62,9.22,broken clouds
509,Muroto,JP,33.2833,134.15,77.18,66,1,4.18,clear sky
510,Nyurba,RU,63.2842,118.3319,31.64,59,67,2.3,broken clouds
511,Phulpur,IN,25.55,82.1,83.35,62,8,4.97,clear sky
512,Dunedin,NZ,-45.8742,170.5036,49.89,60,1,5.46,clear sky
513,La Baule-Escoublac,FR,47.2922,-2.364,62.26,96,100,19.57,light rain
514,Ostrovnoy,RU,68.0531,39.5131,38.34,92,100,8.5,overcast clouds
515,Ambilobe,MG,-13.2,49.05,63.73,76,0,3.71,clear sky
516,Kumphawapi,TH,17.1087,103.0149,77.54,90,100,7.76,overcast clouds
517,Peleduy,RU,59.6289,112.7406,33.53,57,100,9.13,overcast clouds
518,Ferme-Neuve,CA,46.7001,-75.4493,45.03,81,7,1.68,clear sky
519,Beaverlodge,CA,55.2166,-119.4361,56.55,63,82,1.66,broken clouds
520,Nchelenge,ZM,-9.3451,28.734,71.47,55,24,3.11,few clouds
521,Tuy Hoa,VN,13.0833,109.3,76.62,92,100,7.11,light rain
522,Maceio,BR,-9.6658,-35.7353,71.04,94,75,2.3,broken clouds
523,Huilong,CN,31.8111,121.655,80.92,82,10,14.2,clear sky
524,Esmeralda,CU,21.8525,-78.1169,75.58,90,96,0.85,overcast clouds
525,Rio Gallegos,AR,-51.6226,-69.2181,44.65,49,0,12.66,clear sky
526,Mildura,AU,-34.2,142.15,75.07,40,24,8.16,few clouds
527,Jonkoping,SE,57.7814,14.1562,49.71,93,75,11.5,broken clouds
528,Zilupe,LV,56.3862,28.1217,43.9,86,100,3.96,overcast clouds
529,San Policarpo,PH,12.1791,125.5072,83.75,78,96,7.11,overcast clouds
530,Majene,ID,-3.5403,118.9707,84.97,71,93,5.86,overcast clouds
531,Hami,CN,42.8,93.45,58.41,36,100,7.18,overcast clouds
532,Hualmay,PE,-11.0964,-77.6139,61.88,83,65,8.66,broken clouds
533,Karonga,MW,-9.9333,33.9333,71.04,62,27,4.38,scattered clouds
534,Saint-Joseph,RE,-21.3667,55.6167,72.46,78,27,10.67,scattered clouds
535,Wawa,NG,9.9022,4.4192,69.75,96,70,3.76,broken clouds
536,Taganak,PH,6.0833,118.3,81.5,78,88,2.46,overcast clouds
537,Nishihara,JP,26.1842,127.7558,85.68,79,75,10.36,broken clouds
538,Raga,SS,8.4596,25.678,69.08,94,12,3.29,few clouds
539,Gimbi,ET,9.1667,35.8333,54.01,97,99,1.95,light rain
540,Kiunga,PG,-6.1219,141.2906,88.54,61,94,2.37,overcast clouds
541,Kitgum,UG,3.2783,32.8867,66.88,90,75,0.29,light rain
542,Christchurch,NZ,-43.5333,172.6333,51.42,66,100,14.97,overcast clouds
543,Walvis Bay,NA,-22.9575,14.5053,56.35,88,0,11.5,clear sky
544,Bonavista,CA,48.6499,-53.1147,52.93,79,5,15.77,clear sky
545,Korla,CN,41.7597,86.1469,62.47,34,29,15.95,scattered clouds
546,Prince Albert,CA,53.2001,-105.7677,49.95,87,100,11.5,overcast clouds
547,Sokoni,TZ,-6.4333,39.55,75.74,71,67,12.91,broken clouds
548,Yeppoon,AU,-23.1333,150.7333,78.58,55,96,9.46,overcast clouds
549,Soller,ES,39.7662,2.7152,59.04,88,2,4.32,clear sky
550,Kaohsiung,TW,22.6163,120.3133,89.55,62,20,8.05,few clouds
551,Myitkyina,MM,25.3833,97.4,87.44,60,95,1.68,overcast clouds
552,Solnechnyy,RU,50.7214,136.6319,48.33,52,10,7.63,clear sky
553,Yei,SS,4.095,30.6779,63.16,95,26,2.66,scattered clouds
554,Galesong,ID,-5.3166,119.3661,89.62,64,76,5.21,broken clouds
555,Marion,US,39.7684,-86.1555,57.58,69,0,10.36,clear sky
556,Krupina,SK,48.3554,19.0647,53.76,99,100,1.99,overcast clouds
557,Smithers,CA,54.7804,-127.1743,53.92,87,75,3.44,broken clouds
558,Honningsvag,NO,70.9821,25.9704,40.75,70,12,6.91,few clouds
559,Doha,QA,25.2867,51.5333,84.18,72,0,4.61,clear sky
560,Omboue,GA,-1.5746,9.2618,75.34,88,99,5.64,light rain
561,Yar-Sale,RU,66.8333,70.8333,31.37,68,98,13.38,overcast clouds
562,Da Lat,VN,11.9465,108.4419,64.85,94,100,1.45,overcast clouds
563,Galveston,US,29.3669,-94.9669,72.0,68,0,3.44,clear sky
564,Sfantu Gheorghe,RO,45.8667,25.7833,62.26,87,28,2.3,scattered clouds
565,Piacabucu,BR,-10.4056,-36.4344,72.3,79,8,6.35,clear sky
566,Bontang,ID,0.1333,117.5,84.49,71,100,9.35,overcast clouds
567,Karratha,AU,-20.7377,116.8463,78.82,57,3,12.59,clear sky
568,Carroll,US,39.5501,-77.0164,54.63,85,100,8.05,moderate rain
569,Balikpapan,ID,-1.2675,116.8289,74.39,100,20,4.61,very heavy rain
570,Namanga,KE,-2.5433,36.7905,60.33,88,61,4.43,broken clouds
571,Kamyshlov,RU,56.8428,62.7111,27.16,77,30,8.28,scattered clouds
572,Road Town,VG,18.4167,-64.6167,80.69,69,61,12.06,broken clouds
573,Galle,LK,6.0367,80.217,80.82,81,86,14.36,overcast clouds
574,Elban,RU,50.1018,136.5094,52.56,58,58,5.21,broken clouds
575,Kovin,RS,44.7475,20.9761,63.9,85,100,8.34,overcast clouds
576,Belle Fourche,US,44.6714,-103.8522,64.33,59,100,6.89,overcast clouds
577,Riviere-Au-Renard,CA,48.9957,-64.3971,46.69,70,88,7.74,overcast clouds
578,Cockburn Town,TC,21.4612,-71.1419,82.4,74,10,16.98,clear sky
579,Sakaiminato,JP,35.55,133.2333,74.8,60,0,4.61,clear sky
580,Kulhudhuffushi,MV,6.6221,73.07,80.83,78,100,25.84,overcast clouds
581,Khani,GE,41.9563,42.9566,49.57,64,0,5.44,clear sky
582,Leningradskiy,RU,69.3833,178.4167,30.38,76,100,8.28,overcast clouds
583,Banamba,ML,13.55,-7.45,72.79,84,70,8.23,broken clouds
584,Kardla,EE,58.9978,22.7492,44.64,91,7,7.99,clear sky
585,Tari,NG,12.4086,4.4914,74.86,80,84,4.59,broken clouds
586,Yantal,RU,56.8471,105.2542,29.82,84,100,6.69,light snow
587,Buchanan,LR,5.8808,-10.0467,75.34,89,100,6.78,light rain
588,Jalu,LY,29.0331,21.5482,85.82,27,0,12.37,clear sky
589,Porto Santo,PT,33.072,-16.3415,70.18,68,20,17.27,few clouds
590,Tomatlan,MX,19.9333,-105.25,75.9,94,61,1.34,broken clouds
591,Ruteng,ID,-8.6136,120.4721,74.84,66,39,1.66,scattered clouds
592,Gubkinskiy,RU,64.434,76.5026,31.51,66,75,6.62,broken clouds
593,Camana,PE,-16.6228,-72.7111,61.25,77,94,7.99,overcast clouds
594,Vabalninkas,LT,55.9667,24.75,49.59,71,100,5.53,overcast clouds
595,Along,IN,28.1667,94.7667,83.07,64,20,0.63,few clouds
596,Sarti,GR,40.1,23.9833,72.82,66,15,4.38,few clouds
597,Yashkino,RU,55.8736,85.4265,31.64,86,100,5.7,overcast clouds
598,Jieshi,CN,22.8134,115.8257,84.18,74,68,13.44,broken clouds
599,Madimba,TZ,-10.4,40.3333,69.3,89,11,3.49,few clouds
600,Umm Lajj,SA,25.0213,37.2685,88.18,35,0,10.78,clear sky
601,Bahia De Caraquez,EC,-0.6,-80.4167,69.98,81,83,7.72,broken clouds
602,La Tuque,CA,47.4334,-72.7824,44.85,93,1,2.3,clear sky
603,Patacamaya,BO,-17.2333,-67.9167,41.52,83,12,10.4,few clouds
604,Bumba,CD,2.1833,22.4667,70.68,90,100,0.76,overcast clouds
605,Mahibadhoo,MV,3.7833,72.9667,81.37,76,100,19.42,overcast clouds
606,Sorong,ID,-0.8833,131.25,84.38,69,32,5.46,scattered clouds
607,Estaimpuis,BE,50.6905,3.2872,57.94,88,100,16.11,overcast clouds
608,Bujaru,BR,-1.515,-48.0447,73.49,97,97,3.96,overcast clouds
609,Itaborai,BR,-22.7444,-42.8594,67.57,86,99,3.38,overcast clouds
610,Skibbereen,IE,51.55,-9.2667,59.11,80,80,21.7,broken clouds
611,Santa Fe,AR,-31.6333,-60.7,57.02,90,0,6.35,light rain
612,Sambava,MG,-14.2667,50.1667,65.39,79,42,7.14,scattered clouds
613,San Carlos De Bariloche,AR,-41.1456,-71.3082,42.03,78,0,5.75,clear sky
614,Blankenburg,DE,51.7833,10.95,51.08,70,100,11.14,overcast clouds
615,Paraiso,CR,9.8383,-83.8656,65.95,97,100,0.4,overcast clouds
616,Slavsk,RU,55.0425,21.677,45.46,79,100,5.26,overcast clouds
617,Mandera,KE,3.9366,41.867,74.48,62,0,9.53,clear sky
618,Guane,CU,22.2025,-84.0875,72.86,85,94,4.92,overcast clouds
619,Fort Beaufort,ZA,-32.7748,26.6338,60.6,80,94,3.42,overcast clouds
620,Puerto Escondido,MX,15.85,-97.0667,78.39,86,86,3.67,overcast clouds
621,Sawtell,AU,-30.3833,153.1,64.42,68,100,20.71,overcast clouds
622,Juneau,US,58.3019,-134.4197,57.2,95,75,18.41,moderate rain
623,Tukrah,LY,32.5341,20.5791,86.25,39,0,21.32,clear sky
624,Strezhevoy,RU,60.7333,77.5889,31.14,70,68,3.85,broken clouds
625,Razole,IN,16.4833,81.8333,75.31,95,100,5.55,moderate rain
626,Ingham,US,42.6,-84.3833,49.86,86,0,0.0,clear sky
627,Uong Bi,VN,21.0333,106.7833,78.78,91,100,2.39,moderate rain
628,Trincomalee,LK,8.5711,81.2335,82.6,71,100,21.94,overcast clouds
629,Skoghall,SE,59.3232,13.4655,50.56,87,75,10.36,broken clouds
630,Coahuayana,MX,18.7333,-103.6833,78.13,90,75,2.48,broken clouds
631,Sungurlu,TR,40.1675,34.3739,62.65,53,0,2.77,clear sky
632,Asilah,MA,35.465,-6.0348,58.96,65,12,12.82,few clouds
633,Beringovskiy,RU,63.05,179.3167,39.79,81,100,31.27,overcast clouds
634,Purpe,RU,64.4803,76.6897,31.57,68,91,6.73,overcast clouds
635,Dzhebariki-Khaya,RU,62.2167,135.8,31.89,65,100,4.94,overcast clouds
636,Mujiayingzi,CN,42.1167,118.7833,62.02,45,100,4.9,overcast clouds
637,Bani Walid,LY,31.7566,13.9942,87.42,16,56,9.84,broken clouds
638,Mackay,AU,-21.15,149.2,80.69,55,60,8.97,broken clouds
639,Mastic Beach,US,40.7668,-72.8521,60.01,79,0,0.0,clear sky
640,Vila,PT,42.0304,-8.1588,45.48,91,100,2.57,overcast clouds
641,Garowe,SO,8.4054,48.4845,74.62,73,96,14.38,overcast clouds
642,Talcahuano,CL,-36.7167,-73.1167,53.28,94,0,5.75,clear sky
643,Zhezkazgan,KZ,47.8043,67.7144,26.58,50,0,17.9,clear sky
644,Port Moresby,PG,-9.4431,147.1797,89.02,66,40,17.27,haze
645,Bima,ID,-8.4667,118.7167,92.98,48,64,2.35,broken clouds
646,Teya,RU,60.3778,92.6267,33.21,58,71,3.29,broken clouds
647,Port Washington,US,40.8257,-73.6982,60.78,70,100,16.11,light rain
648,San Joaquin,US,37.9333,-121.3011,79.99,38,0,4.61,clear sky
649,Bubaque,GW,11.2833,-15.8333,79.59,81,100,10.69,overcast clouds
650,Burgeo,CA,47.6167,-57.6152,50.83,85,0,12.97,clear sky
651,San Juan De Opoa,HN,14.7833,-88.7,64.98,98,60,1.43,broken clouds
652,Moose Factory,CA,51.2585,-80.6094,41.0,75,100,4.61,overcast clouds
653,Ermelo,ZA,-26.5333,29.9833,53.89,61,3,3.49,clear sky
654,Sibu,MY,2.3,111.8167,89.69,58,44,4.29,scattered clouds
655,Erzin,TR,36.9559,36.2,74.25,69,0,1.61,clear sky
656,Mwense,ZM,-10.3845,28.698,68.09,38,14,4.41,few clouds
657,Nouadhibou,MR,20.931,-17.0347,70.47,85,0,22.64,clear sky
658,Nayoro,JP,44.3506,142.4578,75.99,54,10,13.89,clear sky
659,Ruwi,OM,23.5996,58.5507,83.89,63,4,3.15,clear sky
660,Phillaur,IN,31.0292,75.7842,79.45,71,0,3.65,clear sky
661,Macau,MO,22.2006,113.5461,89.85,84,20,10.36,few clouds
662,Grajau,BR,-5.8194,-46.1386,77.92,63,66,3.06,broken clouds
663,Rorvik,NO,64.8621,11.2373,48.31,66,100,13.8,overcast clouds
664,Kodinsk,RU,58.6881,99.1844,32.32,57,100,5.08,overcast clouds
665,Kapiri Mposhi,ZM,-13.9652,28.6809,63.45,44,0,6.87,clear sky
666,Beihai,CN,21.4833,109.1,81.77,81,99,17.96,overcast clouds
667,Chanika,TZ,-5.4167,38.0167,65.25,88,97,2.51,overcast clouds
668,Tacuarembo,UY,-31.7333,-55.9833,53.55,96,100,3.89,overcast clouds
669,Paamiut,GL,61.994,-49.6678,35.06,99,100,7.02,snow
670,Zharkent,KZ,44.1628,80.0,46.63,34,43,1.99,scattered clouds
671,Kabompo,ZM,-13.5927,24.2008,64.13,40,50,5.21,scattered clouds
672,Barra Do Corda,BR,-5.5,-45.25,82.47,45,47,9.6,scattered clouds
673,Robertson,US,36.5167,-86.8667,62.58,74,0,4.61,clear sky
674,Scottsbluff,US,41.8666,-103.6672,63.28,76,75,11.5,broken clouds
675,Antalaha,MG,-14.9003,50.2788,65.1,81,47,6.62,scattered clouds
676,Dvinskoy,RU,62.1535,45.1175,47.1,98,100,6.8,overcast clouds
677,Namatanai,PG,-3.6667,152.4333,84.25,67,98,9.66,light rain
678,Discovery Bay,US,37.9085,-121.6002,80.01,39,0,8.01,clear sky
679,Chumikan,RU,54.7183,135.315,45.88,37,1,10.33,clear sky
680,Duma,CN,34.7653,108.135,61.5,95,100,2.19,overcast clouds
681,Ust-Nera,RU,64.5667,143.2,25.68,83,100,3.85,overcast clouds
682,Abalak,RU,58.1286,68.5944,27.73,69,15,2.3,few clouds
683,Portland,US,45.5234,-122.6762,68.09,78,20,5.99,few clouds
684,Camabatela,AO,-8.1881,15.375,62.91,98,90,2.93,light rain
685,Imbituba,BR,-28.24,-48.6703,60.22,94,100,9.71,overcast clouds
686,Arcata,US,40.8665,-124.0828,66.74,90,0,0.0,mist
687,Nkhata Bay,MW,-11.6066,34.2907,70.54,59,51,3.06,broken clouds
688,Lewistown,US,40.5992,-77.5714,55.87,87,0,0.0,clear sky
689,Trinidad,BO,-14.8333,-64.9,69.64,70,72,4.16,broken clouds
690,Palmer,US,42.1584,-72.3287,52.52,85,75,3.44,broken clouds
691,Saint Andrews,US,34.0454,-81.1293,59.09,81,100,13.8,overcast clouds
692,Moussoro,TD,13.6408,16.4901,87.26,37,47,5.19,scattered clouds
693,Vila Franca Do Campo,PT,37.7167,-25.4333,66.2,86,22,1.3,few clouds
694,Songea,TZ,-10.6833,35.65,55.85,92,39,3.06,scattered clouds
695,Novaya Chigla,RU,51.2233,40.4781,61.03,74,100,9.98,moderate rain
696,Qaqortoq,GL,60.7167,-46.0333,36.7,94,100,10.11,light rain
697,Leninsk,RU,48.7119,45.1994,61.0,75,99,2.57,overcast clouds
698,Misratah,LY,32.3754,15.0925,86.43,31,47,9.78,scattered clouds
699,Whittlesea,ZA,-32.1759,26.8244,55.31,92,44,7.96,scattered clouds
700,Toora-Khem,RU,52.4675,96.11,26.26,63,100,4.79,overcast clouds
701,Derac,HT,19.65,-71.8167,77.61,81,98,5.12,overcast clouds
702,Brigantine,US,39.4101,-74.3646,64.0,83,100,19.57,light rain
703,Shar,KZ,49.5886,81.0453,31.66,70,59,8.63,broken clouds
704,West Bay,KY,19.3667,-81.4167,82.47,77,20,3.44,few clouds
705,Alekseyevsk,RU,57.8406,108.3492,30.87,76,100,8.1,light snow
